{"lime_rmse_0.1": 0.10064300786502395, "maple_rmse_0.1": 0.0599621213706949, "lime_rmse_0.25": 0.0896709118755522, "maple_rmse_0.25": 0.12059891155064285}