{"lime_rmse_0.1": 0.10077096484964461, "maple_rmse_0.1": 0.06237760527840805, "lime_rmse_0.25": 0.0896597880417511, "maple_rmse_0.25": 0.12769863141665203}