{"lime_rmse_0.1": 0.10040342271211299, "maple_rmse_0.1": 0.06193185643045015, "lime_rmse_0.25": 0.08963560358283998, "maple_rmse_0.25": 0.12574898713244875}