,lime_rmse_0.1,maple_rmse_0.1,lime_rmse_0.25,maple_rmse_0.25
donors_choose,0.10060579847559384,0.0614238610265177,0.08965543450004776,0.12468217669991453
